쥺뵤썚뱏챥且~뽑`H쨵(屢嵩GH),,,,,,,,,,,,,,,,,,,,,,,,,,,,,,,,,,,,,,,,,,,,,,,,,,,,,,,,,,,,,,,,,,,,,,,,,,,,,,,,,,,,,,,,,,,,,,,,,,,,,,,
뷛뱢,봐썱,`셣,0입,1입,2입,3입,4입,5입,6입,7입,8입,9입,10입,11입,12입,13입,14입,15입,16입,17입,18입,19입,20입,21입,22입,23입,24입,25입,26입,27입,28입,29입,30입,31입,32입,33입,34입,35입,36입,37입,38입,39입,40입,41입,42입,43입,44입,45입,46입,47입,48입,49입,50입,51입,52입,53입,54입,55입,56입,57입,58입,59입,60입,61입,62입,63입,64입,65입,66입,67입,68입,69입,70입,71입,72입,73입,74입,75입,76입,77입,78입,79입,80입,81입,82입,83입,84입,85입,86입,87입,88입,89입,90입,91입,92입,93입,94입,95입,96입,97입,98입,99입,100입뱵벧W
2018,107,"23,589,046","173,007","197,548","210,615","216,212","214,514","197,972","237,618","200,913","169,151","195,244","199,196","206,025","206,803","208,195","218,445","227,367","246,191","256,714","305,602","282,388","266,714","322,149","320,996","322,853","320,583","324,222","317,875","316,142","332,233","308,254","338,702","307,608","301,024","339,475","366,729","379,017","401,163","411,527","406,521","415,261","403,484","383,382","415,470","358,896","352,302","350,539","349,588","359,003","367,788","368,003","366,377","347,720","371,844","366,507","371,622","376,241","369,303","362,286","357,509","352,737","340,370","322,303","331,704","322,102","303,133","289,789","281,362","282,783","236,364","216,910","188,501","163,546","130,330","115,053","131,691","130,785","125,322","122,485","117,967","108,211","96,678","90,525","80,885","75,362","67,607","60,086","55,012","50,669","45,003","37,923","31,497","25,399","20,725","15,602","10,911","7,988","6,094","4,336","2,657","1,636","2,371"
2019,108,"23,601,988","169,887","186,505","198,042","210,572","216,236","214,529","197,970","237,432","200,814","169,152","195,273","199,166","205,964","206,744","208,176","218,471","227,309","246,012","256,746","305,559","282,245","266,531","321,973","320,881","322,741","320,527","324,204","318,054","316,438","332,553","308,598","338,942","307,862","301,164","339,523","366,638","378,858","401,147","411,214","406,131","414,688","402,921","382,723","414,681","358,164","351,510","349,675","348,662","357,946","366,635","366,767","365,033","346,392","370,348","364,892","369,887","374,352","367,273","360,162","355,234","350,456","338,068","319,922","329,038","319,442","300,346","286,653","277,903","279,112","232,980","213,470","185,259","160,432","127,507","112,267","128,182","126,891","121,137","118,083","113,333","103,413","92,020","85,711","76,128","70,398","62,638","55,097","49,906","45,366","39,716","32,956","26,952","21,329","17,035","12,464","8,538","6,004","4,425","3,019","1,749","1,915"
2020,109,"23,610,230","167,601","183,216","187,028","198,041","210,617","216,259","214,514","197,852","237,291","200,791","169,204","195,251","199,116","205,908","206,730","208,208","218,424","227,156","246,054","256,736","305,404","282,052","266,402","321,864","320,775","322,688","320,518","324,379","318,350","316,778","332,873","308,877","339,167","307,998","301,267","339,480","366,505","378,874","400,859","410,825","405,589","414,113","402,227","382,025","413,815","357,365","350,654","348,755","347,650","356,839","365,418","365,439","363,655","345,018","368,738","363,217","368,056","372,330","365,156","357,911","352,979","348,134","335,617","317,408","326,382","316,561","297,164","283,197","274,364","275,198","229,352","209,870","181,793","157,011","124,468","109,328","124,427","122,711","116,851","113,500","108,372","98,505","87,192","80,745","71,180","65,298","57,524","50,079","44,772","40,133","34,579","28,261","22,688","17,571","13,651","9,780","6,440","4,378","3,096","1,999","1,770"
2021,110,"23,614,052","165,979","180,781","183,745","187,054","198,109","210,651","216,246","214,372","197,764","237,236","200,823","169,207","195,206","199,068","205,896","206,763","208,169","218,284","227,210","246,052","256,623","305,195","281,915","266,335","321,763","320,730","322,681","320,705","324,677","318,696","317,125","333,133","309,143","339,268","308,101","301,290","339,398","366,543","378,630","400,498","410,282","405,042","413,403","401,490","381,253","412,875","356,503","349,742","347,751","346,591","355,673","364,111","364,077","362,230","343,539","367,068","361,450","366,096","370,225","362,915","355,682","350,683","345,660","333,028","314,906","323,503","313,264","293,650","279,661","270,587","270,995","225,552","206,017","177,978","153,323","121,259","106,177","120,389","118,426","112,384","108,589","103,292","93,409","82,202","75,570","66,088","60,039","52,372","45,017","39,693","35,025","29,712","23,843","18,742","14,117","10,745","7,400","4,714","3,077","2,061","1,841"
2022,111,"23,613,775","164,684","179,103","181,337","183,795","187,151","198,169","210,654","216,109","214,269","197,751","237,251","200,804","169,189","195,164","199,064","205,934","206,729","208,045","218,346","227,223","245,952","256,461","305,046","281,841","266,289","321,723","320,735","322,873","321,015","325,026","319,050","317,412","333,382","309,294","339,340","308,122","301,275","339,474","366,327","378,317","399,987","409,737","404,366","412,653","400,678","380,410","411,863","355,583","348,747","346,700","345,476","354,420","362,771","362,671","360,697","342,006","365,306","359,557","364,056","367,994","360,697","353,413","348,235","343,043","330,452","312,188","320,200","309,620","290,051","275,882","266,525","266,590","221,479","201,768","173,861","149,424","117,814","102,784","116,244","113,955","107,590","103,556","98,010","88,133","76,993","70,234","60,826","54,736","47,163","39,999","34,716","30,173","25,121","19,746","15,102","11,143","8,158","5,435","3,328","2,059","1,926"
2023,112,"23,609,086","163,161","177,791","179,691","181,412","183,915","187,239","198,198","210,535","216,013","214,250","197,798","237,207","200,765","169,172","195,167","199,109","205,907","206,612","208,119","218,371","227,145","245,804","256,351","304,965","281,789","266,315","321,738","320,943","323,197","321,384","325,389","319,351","317,692","333,517","309,417","339,330","308,110","301,400","339,315","366,046","377,863","399,474","409,061","403,649","411,825","399,796","379,503","410,789","354,582","347,707","345,596","344,280","353,136","361,392","361,160","359,110","340,389","363,422","357,588","361,895","365,789","358,440","350,992","345,645","340,442","327,652","309,063","316,542","305,886","286,204","271,812","262,265","261,861","216,980","197,174","169,503","145,235","114,099","99,297","111,914","109,150","102,672","98,317","92,534","82,618","71,615","64,711","55,517","49,361","41,987","35,061","29,976","25,578","20,855","15,956","11,956","8,488","6,016","3,853","2,238","1,985"
2024,113,"23,599,316","161,644","176,202","178,399","179,783","181,545","184,016","187,288","198,103","210,450","215,996","214,292","197,794","237,140","200,728","169,190","195,217","199,089","205,796","206,690","208,154","218,303","227,015","245,704","256,304","304,895","281,800","266,400","321,942","321,264","323,559","321,747","325,680","319,628","317,845","333,608","309,451","339,274","308,234","301,300","339,081","365,618","377,399","398,828","408,339","402,852","410,920","398,840","378,533","409,618","353,532","346,609","344,408","343,052","351,813","359,904","359,592","357,437","338,659","361,462","355,503","359,761","363,545","356,032","348,429","343,072","337,613","324,425","305,597","312,795","301,891","282,055","267,541","257,687","256,628","212,110","192,305","164,814","140,709","110,277","95,650","107,255","104,217","97,545","92,878","86,803","76,915","66,040","59,135","50,127","44,012","36,875","30,346","25,471","21,296","16,897","12,669","9,138","6,281","4,283","2,604","2,125"
2025,114,"23,585,049","160,948","174,617","176,826","178,504","179,926","181,655","184,076","187,215","198,038","210,442","216,041","214,278","197,765","237,081","200,734","169,248","195,203","198,987","205,878","206,728","208,098","218,182","226,931","245,667","256,276","304,884","281,864","266,662","322,260","321,624","323,916","322,039","325,948","319,778","317,957","333,608","309,441","339,375","308,127","301,130","338,711","365,180","376,804","398,137","407,537","401,980","409,941","397,821","377,474","408,394","352,426","345,429","343,189","341,787","350,386","358,364","357,940","355,647","336,858","359,386","353,445","357,590","361,147","353,479","345,884","340,270","334,346","320,844","302,044","308,782","297,578","277,695","262,945","252,611","250,956","206,943","187,061","159,741","136,050","106,275","91,720","102,467","99,069","92,213","87,180","80,868","70,993","60,408","53,465","44,754","38,717","31,985","25,848","21,264","17,308","13,453","9,715","6,788","4,489","2,909","2,402"
2026,115,"23,566,080","160,224","173,909","175,258","176,945","178,659","180,046","181,723","184,011","187,168","198,045","210,494","216,028","214,237","197,736","237,073","200,788","169,251","195,111","199,074","205,920","206,676","207,989","218,106","226,907","245,651","256,314","304,917","282,107","267,033","322,615","321,980","324,204","322,310","326,088","319,887","317,983","333,565","309,570","339,226","307,949","300,834","338,330","364,616","376,166","397,364","406,657","401,034","408,897","396,708","376,366","407,107","351,236","344,220","341,934","340,423","348,908","356,741","356,173","353,785","334,950","357,340","351,352","355,269","358,607","350,946","343,110","337,028","330,714","317,171","298,234","304,444","293,042","273,000","257,840","247,102","244,933","201,369","181,379","154,515","131,166","101,958","87,678","97,465","93,708","86,621","81,271","74,697","65,007","54,673","47,802","39,424","33,640","27,305","21,639","17,332","13,823","10,349","7,245","4,871","3,063","2,722"
2027,116,"23,541,926","159,169","173,167","174,564","175,389","177,110","178,787","180,122","181,668","183,973","187,189","198,109","210,489","215,989","214,198","197,747","237,123","200,777","169,189","195,205","199,123","205,870","206,569","207,923","218,090","226,908","245,700","256,408","305,133","282,459","267,442","322,967","322,266","324,471","322,453","326,190","319,911","317,966","333,679","309,467","339,003","307,644","300,525","337,828","364,009","375,451","396,516","405,702","400,024","407,758","395,544","375,201","405,725","350,021","342,976","340,579","339,011","347,351","355,006","354,337","351,815","333,073","355,257","349,113","352,808","356,087","348,185","339,894","333,419","326,989","313,230","294,113","299,877","288,153","267,778","252,295","241,247","238,427","195,323","175,521","149,032","125,894","97,514","83,450","92,249","88,079","80,812","75,120","68,457","58,903","48,936","42,173","34,306","28,771","22,915","17,690","13,884","10,672","7,745","5,221","3,340","2,989"
2028,117,"23,510,973","156,863","172,068","173,835","174,705","175,564","177,246","178,869","180,072","181,635","183,999","187,264","198,118","210,458","215,952","214,205","197,807","237,093","200,684","169,294","195,260","199,081","205,766","206,505","207,914","218,099","226,974","245,807","256,673","305,457","282,849","267,846","323,251","322,533","324,611","322,559","326,207","319,894","318,098","333,545","309,294","338,644","307,323","300,106","337,285","363,328","374,663","395,596","404,683","398,921","406,566","394,319","373,948","404,316","348,770","341,636","339,179","337,523","345,686","353,204","352,394","349,875","331,163","353,030","346,738","350,368","353,335","344,976","336,308","329,717","322,987","308,960","289,773","294,951","282,706","262,099","246,394","234,915","231,360","189,084","169,369","143,107","120,462","92,860","79,034","86,765","82,227","74,758","68,900","62,086","52,785","43,227","36,756","29,388","24,196","18,783","14,213","10,755","8,021","5,603","3,596","3,299"
2029,118,"23,472,274","153,813","169,631","172,751","173,986","174,888","175,708","177,335","178,826","180,044","181,667","184,080","187,285","198,100","210,426","215,961","214,263","197,802","236,964","200,781","169,362","195,225","198,985","205,704","206,498","207,931","218,173","227,102","246,082","257,044","305,820","283,234","268,188","323,515","322,676","324,714","322,582","326,184","320,025","317,989","333,337","308,994","338,271","306,892","299,648","336,670","362,575","373,805","394,613","403,570","397,770","405,314","393,006","372,670","402,867","347,420","340,248","337,705","335,931","343,959","351,296","350,485","347,904","329,118","350,666","344,385","347,701","350,133","341,393","332,630","325,737","318,649","304,461","285,085","289,455","276,775","256,049","240,006","228,029","224,062","182,528","162,714","136,998","114,768","87,996","74,385","81,055","76,119","68,632","62,542","55,693","46,688","37,724","31,541","24,760","19,880","15,133","11,047","8,114","5,828","3,877","3,624"
2030,119,"23,425,569","150,729","166,394","170,326","172,912","174,177","175,039","175,805","177,297","178,804","180,081","181,752","184,107","187,279","198,079","210,439","216,021","214,250","197,717","237,055","200,838","169,348","195,134","198,930","205,700","206,517","208,016","218,310","227,394","246,462","257,453","306,180","283,557","268,505","323,655","322,783","324,735","322,566","326,312","319,918","317,810","332,996","308,679","337,778","306,421","299,123","335,988","361,754","372,887","393,540","402,408","396,559","403,971","391,669","371,358","401,309","346,025","338,787","336,128","334,280","342,129","349,423","348,544","345,792","326,945","348,325","341,811","344,592","346,552","337,717","328,674","321,418","314,075","299,598","279,846","283,463","270,452","249,491","233,050","220,913","216,384","175,427","155,847","130,588","108,808","82,869","69,539","75,090","69,934","62,363","56,153","49,316","40,800","32,415","26,625","20,386","16,056","11,801","8,367","5,919","4,052","3,974"
2031,120,"23,370,390","147,440","163,118","167,101","170,498","173,110","174,333","175,140","175,774","177,279","178,843","180,170","181,783","184,104","187,268","198,098","210,501","216,009","214,149","197,822","237,101","200,804","169,280","195,083","198,932","205,720","206,603","208,164","218,610","227,790","246,879","257,861","306,477","283,858","268,712","323,761","322,809","324,719","322,703","326,200","319,740","317,500","332,643","308,253","337,243","305,882","298,538","335,242","360,873","371,884","392,420","401,188","395,261","402,604","390,296","369,943","399,701","344,558","337,227","334,492","332,532","340,334","347,520","346,462","343,548","324,797","345,764","338,804","341,112","342,880","333,760","324,377","316,863","309,126","294,155","274,128","277,069","263,594","242,343","225,856","213,420","208,062","168,096","148,633","123,870","102,522","77,517","64,470","69,049","63,599","56,054","49,773","43,147","35,112","27,407","21,968","16,500","12,555","8,971","6,128","4,134","4,285"
2032,121,"23,306,511","144,182","159,622","163,836","167,287","170,705","173,273","174,438","175,111","175,760","177,323","178,935","180,204","181,784","184,096","187,296","198,165","210,495","215,909","214,250","197,886","237,041","200,712","169,247","195,086","198,959","205,806","206,753","208,472","219,012","228,222","247,294","258,208","306,755","284,046","268,881","323,787","322,797","324,855","322,599","326,017","319,430","317,176","332,170","307,787","336,636","305,280","297,893","334,440","359,909","370,835","391,242","399,880","393,942","401,203","388,818","368,485","398,012","342,990","335,608","332,762","330,818","338,510","345,479","344,250","341,330","322,442","342,764","335,433","337,541","338,924","329,457","319,841","311,929","303,578","288,209","268,022","270,127","256,110","234,945","218,276","205,290","199,465","160,387","141,061","116,778","95,954","71,913","59,333","62,852","57,217","49,746","43,594","37,180","29,738","22,657","17,821","12,936","9,574","6,596","4,300","4,530"
2033,122,"23,233,717","140,884","156,157","160,352","164,034","167,504","170,873","173,383","174,412","175,102","175,807","177,417","178,973","180,208","181,780","184,125","187,367","198,168","210,402","216,013","214,309","197,857","236,923","200,660","169,266","195,117","199,053","205,956","207,061","208,881","219,451","228,652","247,651","258,532","306,916","284,198","268,982","323,778","322,939","324,751","322,424","325,701","319,108","316,738","331,654","307,252","335,961","304,619","297,198","333,561","358,900","369,732","389,980","398,551","392,588","399,695","387,295","366,953","396,208","341,367","333,897","331,066","329,077","336,553","343,307","342,065","338,899","319,680","339,398","331,975","333,692","334,617","324,913","314,925","306,392","297,514","281,857","261,386","262,543","248,360","227,144","210,046","196,887","190,414","152,290","133,063","109,359","89,071","66,233","54,059","56,601","50,830","43,625","37,610","31,536","24,630","18,417","14,010","9,893","7,064","4,650","4,790"
2034,123,"23,151,674","137,481","152,644","156,895","160,561","164,259","167,680","170,987","173,363","174,405","175,151","175,905","177,458","178,981","180,206","181,812","184,197","187,377","198,091","210,510","216,073","214,271","197,770","236,850","200,663","169,317","195,214","199,212","206,264","207,471","209,328","219,887","229,025","247,984","258,750","307,043","284,277","269,048","323,923","322,841","324,576","322,118","325,372","318,671","316,259","331,066","306,653","335,221","303,904","296,431","332,641","357,840","368,551","388,698","397,190","391,131","398,143","385,694","365,315","394,341","339,650","332,223","329,344","327,209","334,472","341,165","339,669","336,041","316,579","335,946","328,243","329,500","330,066","319,983","309,400","300,334","291,027","274,945","254,128","254,684","240,180","218,665","201,532","188,031","180,892","143,728","124,687","101,577","82,092","60,396","48,731","50,339","44,624","37,689","31,945","26,166","20,063","14,513","10,746","7,323","4,999","5,159"
2035,124,"23,059,425","133,442","149,019","153,392","157,118","160,794","164,442","167,802","170,973","173,360","174,456","175,252","175,948","177,467","178,981","180,239","181,886","184,210","187,313","198,204","210,575","216,035","214,174","197,723","236,834","200,690","169,437","195,375","199,526","206,672","207,919","209,773","220,269","229,376","248,213","258,931","307,097","284,323","269,235","323,826","322,672","324,271","321,798","324,926","318,192","315,709","330,412","305,995","334,427","303,118","295,627","331,673","356,704","367,351","387,384","395,724","389,630","396,512","383,986","363,622","392,368","337,970","330,521","327,496","325,221","332,420","338,813","336,846","332,827","313,397","332,219","324,174","325,068","325,123","314,436","303,350","293,849","283,965","267,379","246,601","246,383","231,285","209,890","192,552","178,707","170,816","134,751","115,892","93,684","74,913","54,493","43,387","44,245","38,598","32,063","26,547","21,353","15,849","11,162","7,982","5,204","5,592"
2036,125,"22,956,948","129,523","144,711","149,772","153,623","157,360","160,984","164,569","167,793","170,972","173,415","174,557","175,297","175,960","177,469","179,015","180,315","181,901","184,150","187,430","198,274","210,543","215,938","214,119","197,731","236,835","200,784","169,628","195,693","199,941","207,119","208,365","210,164","220,627","229,627","248,407","259,048","307,115","284,501","269,212","323,660","322,372","323,954","321,365","324,440","317,644","315,095","329,692","305,285","333,553","302,294","294,781","330,635","355,552","366,120","385,970","394,215","388,055","394,772","382,221","361,831","390,442","336,265","328,694","325,527","323,262","330,165","336,038","333,668","329,528","309,960","328,153","319,872","320,252","319,555","308,357","296,870","286,782","276,226","259,530","238,645","237,347","222,075","200,624","183,085","168,831","160,242","125,317","106,968","85,559","67,645","48,566","38,179","38,319","32,881","26,695","21,703","16,906","12,223","8,317","5,695","5,987"
2037,126,"22,845,118","126,631","140,528","145,471","150,013","153,872","157,555","161,116","164,565","167,797","171,029","173,519","174,604","175,310","175,964","177,506","179,093","180,332","181,844","184,269","187,507","198,251","210,451","215,883","214,118","197,764","236,896","200,939","169,971","196,111","200,394","207,564","208,758","210,531","220,888","229,843","248,539","259,132","307,281","284,462","269,126","323,363","322,060","323,520","320,889","323,883","317,031","314,419","328,917","304,502","332,638","301,425","293,872","329,580","354,369","364,796","384,515","392,632","386,375","392,974","380,354","360,084","388,489","334,433","326,748","323,590","321,108","327,499","332,909","330,406","325,965","306,208","323,850","315,193","314,820","313,447","301,838","289,803","279,032","268,191","251,227","229,978","227,987","212,344","190,846","173,053","158,459","149,119","115,742","97,772","77,324","60,341","42,781","33,108","32,692","27,420","21,865","17,221","13,069","9,136","5,957","6,523"
2038,127,"22,724,403","124,243","137,441","141,296","145,724","150,268","154,073","157,693","161,119","164,575","167,858","171,135","173,567","174,619","175,316","176,001","177,584","179,113","180,277","181,966","184,348","187,492","198,170","210,399","215,881","214,139","197,860","237,010","201,250","170,414","196,566","200,847","207,958","209,128","210,805","221,114","230,001","248,637","259,333","307,214","284,357","268,925","323,053","321,634","323,045","320,344","323,262","316,355","313,692","328,065","303,681","331,677","300,493","292,948","328,498","353,097","363,433","382,988","390,944","384,640","391,075","378,535","358,313","386,389","332,481","324,834","321,458","318,556","324,489","329,698","326,879","322,070","302,235","319,166","309,908","308,856","306,895","294,724","282,042","270,981","259,686","242,174","220,995","218,089","202,065","180,475","162,505","147,540","137,826","105,867","88,441","69,041","53,204","37,141","28,287","27,307","22,498","17,388","13,344","9,796","6,568","7,017"
2039,128,"22,594,945","122,047","134,892","138,211","141,559","145,987","150,476","154,216","157,703","161,135","164,639","167,967","171,186","173,582","174,626","175,356","176,079","177,604","179,061","180,400","182,047","184,336","187,418","198,127","210,403","215,901","214,222","198,020","237,285","201,662","170,894","197,023","201,248","208,330","209,403","211,044","221,284","230,124","248,848","259,331","307,080","284,132","268,711","322,627","321,165","322,498","319,733","322,576","315,626","312,888","327,172","302,818","330,647","299,546","291,999","327,333","351,787","362,004","381,360","389,202","382,806","389,226","376,691","356,408","384,152","330,563","322,727","318,929","315,669","321,401","326,223","323,021","317,944","297,908","313,871","304,101","302,454","299,737","286,905","273,976","262,455","250,408","232,788","211,485","207,622","191,158","169,561","151,390","136,449","126,169","95,836","79,045","60,935","46,239","31,777","23,668","22,444","17,930","13,507","10,031","7,067","7,689"
2040,129,"22,456,338","119,632","132,544","135,664","138,482","141,828","146,200","150,623","154,231","157,723","161,202","164,749","168,022","171,205","173,589","174,666","175,435","176,101","177,554","179,184","180,482","182,038","184,267","187,381","198,139","210,428","215,984","214,364","198,335","237,663","202,113","171,375","197,429","201,627","208,607","209,643","211,228","221,422","230,349","248,862","259,267","306,821","283,895","268,395","322,160","320,625","321,888","319,059","321,836","314,822","312,047","326,234","301,891","329,604","298,575","290,975","326,133","350,414","360,479","379,678","387,360","381,022","387,351","374,708","354,377","381,953","328,448","320,222","316,067","312,708","318,056","322,420","318,934","313,447","293,009","308,047","297,864","295,455","291,862","278,775","265,429","253,147","240,783","222,845","201,419","196,503","179,668","158,044","140,093","124,979","114,301","85,707","69,821","52,998","39,593","26,614","19,476","17,910","13,949","10,170","7,250","8,386"
2041,130,"22,309,350","117,387","129,962","133,319","135,940","138,756","142,046","146,352","150,643","154,255","157,793","161,315","164,806","168,044","171,214","173,629","174,746","175,458","176,052","177,677","179,268","180,475","181,970","184,232","187,398","198,174","210,516","216,125","214,665","198,753","238,083","202,566","171,807","197,812","201,914","208,850","209,832","211,381","221,656","230,389","248,816","259,091","306,549","283,552","268,042","321,622","320,020","321,214","318,332","321,022","313,981","311,163","325,231","300,952","328,533","297,529","289,920","324,874","348,949","358,904","377,902","385,571","379,215","385,335","372,592","352,383","379,529","325,929","317,382","313,131","309,500","314,394","318,389","314,476","308,350","287,618","301,786","291,040","287,750","283,670","270,155","256,091","243,486","230,580","212,305","190,721","184,786","167,551","146,356","128,429","113,333","102,352","75,804","60,827","45,460","33,228","21,950","15,586","13,978","10,541","7,384","8,949"
2042,131,"22,154,849","115,933","127,561","130,738","133,599","136,218","138,979","142,204","146,378","150,671","154,329","157,910","161,375","164,831","168,055","171,257","173,710","174,770","175,411","176,177","177,762","179,262","180,410","181,939","184,252","187,442","198,273","210,665","216,425","215,068","199,209","238,505","202,969","172,213","198,104","202,166","209,041","209,989","211,623","221,710","230,369","248,662","258,901","306,165","283,171","267,625","321,018","319,353","320,485","317,530","320,169","313,096","310,216","324,215","299,988","327,381","296,452","288,812","323,531","347,437","357,242","376,180","383,759","377,270","383,183","370,516","350,182","376,640","323,072","314,470","309,948","305,983","310,510","313,988","309,417","302,736","281,821","294,932","283,520","279,730","274,977","260,731","246,397","233,240","219,748","201,106","179,438","172,428","155,251","134,284","116,575","101,600","90,651","66,136","52,267","38,231","27,462","17,615","12,202","10,600","7,687","9,415"
2043,132,"21,993,228","114,690","126,006","128,339","131,026","133,880","136,443","139,140","142,237","146,413","150,748","154,448","157,973","161,403","164,844","168,098","171,340","173,735","174,725","175,536","176,263","177,758","179,199","180,380","181,961","184,299","187,552","198,436","210,972","216,828","215,511","199,667","238,874","203,350","172,534","198,362","202,367","209,200","210,235","211,690","221,704","230,248","248,492","258,613","305,740","282,723","267,153","320,351","318,633","319,683","316,690","319,274","312,149","309,259","323,173","298,951","326,196","295,321","287,630","322,144","345,840","355,630","374,433","381,807","375,194","381,074","368,224","347,553","373,362","320,143","311,312","306,456","302,252","306,266","308,990","303,841","296,695","275,469","287,373","275,689","271,216","265,467","250,941","236,107","222,347","208,241","189,287","167,535","159,882","142,547","122,008","104,627","90,093","79,212","56,920","44,047","31,662","22,097","13,830","9,284","7,763","9,923"
2044,133,"21,824,881","113,591","124,677","126,785","128,631","131,311","134,107","136,607","139,178","142,277","146,494","150,869","154,514","158,003","161,420","164,889","168,181","171,367","173,691","174,851","175,623","176,260","177,696","179,170","180,403","182,010","184,413","187,728","198,755","211,381","217,272","215,956","200,074","239,225","203,639","172,820","198,570","202,536","209,447","210,306","211,701","221,598","230,110","248,226","258,288","305,246","282,217","266,626","319,630","317,838","318,844","315,808","318,317","311,192","308,276","322,053","297,883","324,955","294,114","286,410","320,680","344,292","353,997","372,553","379,724","373,159","378,744","365,484","344,568","370,001","316,965","307,845","302,750","298,171","301,441","303,475","297,836","290,072","268,459","279,498","267,370","261,896","255,584","240,541","225,151","210,779","196,087","176,819","155,449","146,920","129,618","109,626","92,890","78,832","68,286","48,059","36,554","25,541","17,396","10,557","6,828","10,325"
2045,134,"21,650,501","112,850","123,501","125,457","127,080","128,919","131,543","134,273","136,649","139,222","142,361","146,617","150,940","154,547","158,022","161,467","164,973","168,209","171,326","173,818","174,939","175,621","176,199","177,670","179,196","180,454","182,126","184,594","188,059","199,176","211,829","217,717","216,350","200,460","239,477","203,894","173,061","198,744","202,789","209,520","210,320","211,615","221,476","229,881","247,923","257,901","304,690","281,655","266,053","318,835","317,006","317,962","314,866","317,348","310,210","307,217","320,901","296,762","323,631","292,868","285,121","319,262","342,726","352,236","370,545","377,684","370,911","375,955","362,370","341,507","366,353","313,474","304,163","298,696","293,528","296,114","297,533","291,248","282,754","261,152","271,127","258,257","252,207","245,075","229,452","213,520","198,552","183,266","164,157","142,960","133,717","116,574","97,445","81,391","68,060","57,767","39,960","29,561","20,160","13,320","7,795","10,077"
2046,135,"21,470,269","112,126","122,709","124,281","125,755","127,371","129,153","131,713","134,319","136,696","139,308","142,487","146,690","150,978","154,569","158,070","161,553","165,004","168,172","171,455","173,906","174,938","175,562","176,173","177,696","179,249","180,573","182,309","184,928","188,491","199,636","212,279","218,110","216,724","200,754","239,697","204,097","173,269","199,001","202,874","209,537","210,239","211,512","221,265","229,616","247,560","257,460","304,073","281,043","265,416","318,004","316,132","317,019","313,913","316,357","309,154","306,129","319,694","295,567","322,266","291,554","283,873","317,827","341,037","350,356","368,581","375,428","368,213","372,781","359,177","338,183","362,343","309,765","300,134","294,077","288,398","290,371","291,009","283,964","275,124","253,381","261,952","248,779","241,900","233,856","217,681","201,217","185,653","170,243","151,070","130,230","120,387","103,724","85,497","70,374","57,676","48,125","32,392","23,395","15,482","9,870","10,559"
2047,136,"21,283,771","110,818","121,935","123,490","124,581","126,047","127,607","129,326","131,763","134,369","136,785","139,435","142,564","146,731","151,002","154,619","158,155","161,586","164,970","168,301","171,546","173,907","174,880","175,537","176,201","177,751","179,369","180,760","182,647","185,364","188,962","200,098","212,678","218,483","217,003","201,015","239,859","204,270","173,542","199,091","202,902","209,458","210,140","211,323","221,019","229,295","247,145","256,965","303,405","280,364","264,747","317,131","315,199","316,066","312,937","315,291","308,067","304,988","318,409","294,335","320,827","290,284","282,610","316,279","339,232","348,518","366,406","372,719","365,140","369,527","355,708","334,525","358,084","305,702","295,539","288,971","282,862","284,060","283,790","276,365","267,006","244,858","252,407","238,690","230,882","221,947","205,222","188,237","172,548","156,780","137,722","117,369","107,238","91,110","74,029","59,741","48,132","39,103","25,697","18,019","11,516","12,137"
2048,137,"21,091,470","109,487","120,536","122,717","123,791","124,875","126,285","127,781","129,379","131,816","134,460","136,914","139,514","142,608","146,758","151,054","154,705","158,190","161,556","165,100","168,393","171,549","173,851","174,855","175,566","176,257","177,872","179,558","181,100","183,085","185,837","189,434","200,511","213,056","218,762","217,248","201,224","239,989","204,526","173,663","199,126","202,836","209,362","209,955","211,101","220,717","228,924","246,678","256,425","302,665","279,652","264,043","316,198","314,255","315,092","311,888","314,195","306,931","303,775","317,084","293,035","319,438","288,998","281,247","314,623","337,468","346,483","363,791","369,632","361,991","365,990","351,890","330,639","353,416","301,065","290,455","283,459","276,775","277,072","276,256","268,275","258,097","235,990","242,240","227,891","219,190","209,334","192,075","175,047","159,001","143,038","124,230","104,662","94,316","78,987","62,950","49,943","39,193","31,099","19,847","13,449","14,129"
2049,138,"20,894,043","108,355","119,111","121,320","123,021","124,087","125,115","126,462","127,837","129,435","131,909","134,591","136,995","139,560","142,637","146,811","151,141","154,742","158,163","161,687","165,192","168,398","171,494","173,829","174,885","175,623","176,382","178,062","179,899","181,541","183,563","186,314","189,856","200,901","213,341","219,008","217,441","201,402","240,225","204,613","173,733","199,068","202,753","209,181","209,737","210,824","220,368","228,504","246,166","255,822","301,890","278,903","263,289","315,256","313,290","314,043","310,810","313,047","305,720","302,523","315,688","291,781","318,033","287,609","279,788","313,006","335,514","344,030","360,807","366,466","358,566","362,095","347,832","326,377","348,083","295,931","284,963","277,396","270,029","269,776","268,230","259,392","248,821","226,539","231,343","216,431","206,798","196,022","178,716","161,409","145,163","129,141","110,885","92,161","81,878","67,263","52,713","40,753","31,240","24,083","14,861","16,556"
2050,139,"20,692,147","107,273","117,901","119,895","121,626","123,318","124,328","125,293","126,520","127,895","129,530","132,042","134,674","137,044","139,592","142,693","146,899","151,180","154,720","158,296","161,782","165,200","168,346","171,474","173,860","174,944","175,748","176,576","178,406","180,342","182,020","184,042","186,742","190,256","201,200","213,593","219,199","217,601","201,663","240,270","204,644","173,717","198,994","202,586","208,966","209,465","210,501","219,971","228,042","245,594","255,189","301,077","278,103","262,526","314,292","312,252","312,967","309,682","311,826","304,473","301,204","314,342","290,513","316,516","286,124","278,364","311,212","333,156","341,230","357,750","363,024","354,792","357,955","343,379","321,503","342,176","290,383","278,919","270,670","262,983","261,999","259,412","250,140","238,928","216,398","219,780","204,277","193,721","182,491","164,899","147,469","131,165","115,377","97,743","80,111","69,834","56,407","43,101","32,554","24,253","18,090","18,953"
2051,140,"20,486,052","106,129","116,744","118,686","120,206","121,925","123,559","124,507","125,353","126,580","127,992","129,666","132,127","134,725","137,077","139,649","142,783","146,941","151,161","154,854","158,392","161,793","165,150","168,327","171,506","173,920","175,071","175,943","176,923","178,850","180,824","182,502","184,473","187,146","190,567","201,466","213,793","219,358","217,853","201,756","240,257","204,580","173,683","198,835","202,385","208,697","209,146","210,132","219,532","227,523","244,993","254,523","300,208","277,294","261,743","313,256","311,186","311,840","308,480","310,568","303,157","299,934","312,980","289,142","314,891","284,675","276,784","309,045","330,463","338,358","354,422","359,227","350,778","353,410","338,281","316,100","335,791","284,271","272,210","263,643","255,467","253,448","250,224","240,265","228,301","205,639","207,510","191,446","180,427","168,491","150,767","133,360","117,285","101,813","85,059","68,430","58,655","46,206","34,502","25,334","18,273","22,450"
2052,141,"20,276,062","104,464","115,520","117,530","118,999","120,507","122,168","123,739","124,567","125,415","126,678","128,128","129,754","132,180","134,761","137,134","139,739","142,827","146,926","151,295","154,952","158,404","161,746","165,134","168,362","171,569","174,047","175,267","176,290","177,370","179,334","181,308","182,935","184,880","187,461","190,844","201,680","213,959","219,612","217,928","201,794","240,139","204,500","173,573","198,645","202,130","208,381","208,781","209,722","219,037","226,976","244,360","253,811","299,332","276,465","260,897","312,192","310,071","310,640","307,242","309,241","301,892","298,648","311,510","287,673","313,307","283,065","274,872","306,569","327,702","335,233","350,750","355,187","346,368","348,201","332,628","310,256","328,754","277,484","265,197","256,145","247,198","244,536","240,411","229,643","217,026","194,217","194,556","178,401","166,672","154,162","136,454","119,352","103,595","88,703","72,753","57,562","48,137","37,057","26,912","19,142","24,790"
2053,142,"20,062,754","102,962","113,740","116,306","117,845","119,302","120,752","122,349","123,801","124,629","125,515","126,814","128,217","129,809","132,218","134,820","137,224","139,785","142,817","147,062","151,394","154,967","158,361","161,732","165,171","168,426","171,699","174,244","175,616","176,739","177,855","179,818","181,743","183,343","185,198","187,742","191,071","201,863","214,217","219,687","217,946","201,738","240,005","204,335","173,432","198,401","201,832","208,020","208,376","209,259","218,518","226,399","243,681","253,090","298,436","275,572","260,029","311,080","308,883","309,406","305,938","307,965","300,613","297,260","309,935","286,241","311,547","281,115","272,685","304,030","324,696","331,784","346,843","350,750","341,311","342,422","326,512","303,812","320,935","270,387","257,710","247,893","238,575","235,010","229,845","218,375","205,048","182,156","181,383","164,899","152,585","139,641","122,226","105,522","90,348","75,970","61,280","47,324","38,682","28,964","20,390","26,856"
2054,143,"19,846,675","101,701","112,133","114,526","116,623","118,150","119,548","120,935","122,413","123,865","124,729","125,653","126,905","128,273","129,848","132,278","134,910","137,270","139,778","142,954","147,164","151,412","154,926","158,349","161,772","165,238","168,559","171,900","174,594","176,065","177,226","178,342","180,255","182,154","183,665","185,483","187,974","191,266","202,130","214,299","219,704","217,867","201,665","239,777","204,137","173,243","198,113","201,489","207,619","207,918","208,772","217,969","225,780","242,994","252,351","297,471","274,654","259,120","309,897","307,661","308,105","304,686","306,675","299,229","295,772","308,400","284,651","309,415","278,886","270,442","301,264","321,375","328,112","342,547","345,656","335,696","336,168","319,764","296,645","312,758","262,806","249,465","239,286","229,351","224,743","218,636","206,396","192,398","169,889","167,745","151,062","138,302","125,190","108,167","92,125","77,471","64,075","50,462","38,098","30,299","21,999","28,998"
2055,144,"19,627,966","100,294","110,784","112,922","114,847","116,929","118,397","119,732","121,001","122,478","123,966","124,867","125,745","126,962","128,313","129,910","132,369","134,959","137,266","139,915","143,057","147,185","151,373","154,917","158,391","161,843","165,375","168,764","172,253","175,045","176,553","177,714","178,781","180,667","182,478","183,951","185,719","188,175","191,540","202,227","214,324","219,624","217,771","201,508","239,513","203,886","173,013","197,780","201,106","207,166","207,436","208,257","217,379","225,153","242,290","251,552","296,481","273,694","258,151","308,681","306,375","306,855","303,419","305,281","297,746","294,323","306,694","282,720","306,976","276,598","267,996","298,206","317,839","324,073","337,612","339,997","329,614","329,263","312,255","289,147","304,022","254,454","240,863","230,076","219,398","213,849","206,713","193,741","179,528","157,188","153,760","137,024","124,073","110,895","94,530","79,091","65,418","52,846","40,692","29,901","23,069","31,417"
2056,145,"19,406,922","98,845","109,279","111,573","113,247","115,156","117,178","118,583","119,800","121,069","122,580","124,104","124,960","125,805","127,002","128,375","130,002","132,418","134,957","137,405","140,019","143,080","147,150","151,366","154,960","158,464","161,982","165,583","169,120","172,706","175,533","177,042","178,154","179,196","180,994","182,767","184,190","185,923","188,452","191,651","202,270","214,252","219,525","217,586","201,318","239,190","203,590","172,743","197,408","200,671","206,688","206,926","207,703","216,780","224,508","241,529","250,732","295,447","272,671","257,154","307,399","305,141","305,593","302,050","303,785","296,303","292,710","304,622","280,510","304,474","274,105","265,293","294,950","313,950","319,429","332,125","333,867","322,898","321,576","304,397","281,131","294,392","245,736","231,652","220,130","208,835","202,254","194,113","180,865","166,196","144,155","139,565","123,023","109,990","97,012","81,249","66,867","54,031","42,683","31,996","22,821","33,688"
2057,146,"19,183,985","97,334","107,728","110,069","111,901","113,558","115,408","117,364","118,653","119,869","121,172","122,719","124,198","125,020","125,846","127,064","128,467","130,053","132,418","135,096","137,510","140,046","143,049","147,145","151,411","155,036","158,607","162,195","165,943","169,576","173,198","176,024","177,483","178,570","179,524","181,285","183,008","184,397","186,202","188,567","191,708","202,219","214,163","219,338","217,368","201,074","238,816","203,249","172,437","196,987","200,213","206,182","206,378","207,140","216,165","223,811","240,747","249,872","294,347","271,619","256,102","306,170","303,893","304,228","300,581","302,331","294,696","290,749","302,251","278,242","301,746","271,347","262,413","291,367","309,472","314,265","326,180","327,094","315,416","313,528","295,996","272,291","284,340","236,396","221,694","209,575","197,585","189,997","181,291","167,522","152,508","130,921","125,391","109,151","96,300","83,477","68,772","55,306","43,704","33,622","24,471","35,058"
2058,147,"18,959,286","95,956","106,111","108,520","110,400","112,213","113,812","115,597","117,436","118,723","119,973","121,312","122,813","124,258","125,062","125,909","127,156","128,519","130,056","132,558","135,202","137,537","140,016","143,048","147,193","151,490","155,182","158,824","162,558","166,403","170,071","173,692","176,467","177,899","178,899","179,818","181,530","183,217","184,679","186,321","188,629","191,675","202,151","213,988","219,117","217,094","200,786","238,391","202,868","172,086","196,543","199,729","205,638","205,822","206,562","215,500","223,094","239,927","248,956","293,215","270,510","255,093","304,928","302,543","302,762","299,153","300,711","292,739","288,503","299,815","275,769","298,727","268,408","259,242","287,237","304,491","308,667","319,606","319,544","307,580","304,919","286,726","263,059","273,570","226,289","211,126","198,329","185,687","177,523","167,998","153,813","138,600","117,694","111,336","95,653","82,943","70,738","56,958","44,800","34,480","25,767","37,049"
2059,148,"18,733,113","94,665","104,638","106,903","108,853","110,715","112,468","114,003","115,672","117,508","118,828","120,114","121,408","122,874","124,300","125,125","126,002","127,210","128,524","130,197","132,666","135,231","137,509","140,015","143,098","147,275","151,640","155,402","159,190","163,021","166,901","170,568","174,139","176,885","178,230","179,194","180,064","181,740","183,500","184,801","186,387","188,602","191,624","201,999","213,779","218,839","216,772","200,453","237,921","202,435","171,713","196,073","199,208","205,086","205,250","205,935","214,816","222,343","239,052","248,014","292,023","269,448","254,074","303,584","301,094","301,338","297,562","298,735","290,495","286,198","297,159","273,030","295,507","265,173","255,585","282,642","299,091","302,474","312,273","311,634","299,194","295,417","277,045","253,160","261,909","215,560","199,859","186,434","173,577","164,585","154,331","139,873","124,685","104,571","97,647","82,469","70,351","58,664","46,203","35,400","26,473","39,210"
2060,149,"18,505,679","93,288","103,258","105,431","107,240","109,170","110,972","112,661","114,080","115,746","117,615","118,969","120,210","121,471","122,918","124,364","125,218","126,056","127,215","128,665","130,306","132,697","135,206","137,511","140,066","143,183","147,427","151,865","155,772","159,656","163,523","167,400","171,017","174,560","177,217","178,527","179,442","180,279","182,025","183,624","184,869","186,365","188,556","191,491","201,813","213,515","218,514","216,402","200,080","237,394","201,978","171,318","195,567","198,678","204,520","204,630","205,290","214,098","221,541","238,153","247,021","290,882","268,375","252,969","302,141","299,687","299,750","295,619","296,467","288,192","283,682","294,216","270,109","291,964","261,438","251,513","277,658","293,114","295,563","304,590","303,168","289,933","285,492","266,661","242,434","249,530","204,116","187,937","174,325","161,010","151,274","140,426","125,912","110,864","91,777","84,264","70,020","58,407","47,651","36,564","27,228","41,114"
2061,150,"18,277,055","91,838","101,785","104,052","105,770","107,561","109,430","111,167","112,740","114,156","115,855","117,757","119,067","120,275","121,516","122,982","124,457","125,272","126,065","127,357","128,774","130,339","132,673","135,208","137,565","140,153","143,340","147,657","152,240","156,243","160,161","164,026","167,852","171,441","174,895","177,515","178,777","179,657","180,566","182,151","183,696","184,849","186,323","188,429","191,327","201,573","213,203","218,140","215,993","199,658","236,841","201,497","170,891","195,052","198,134","203,906","203,991","204,613","213,331","220,716","237,205","246,071","289,730","267,213","251,781","300,741","298,118","297,810","293,388","294,141","285,679","280,894","291,078","266,892","287,869","257,279","247,097","272,140","286,441","288,320","296,363","293,817","280,255","274,841","255,401","231,045","236,321","192,002","175,798","161,755","148,071","137,721","126,485","112,032","97,377","79,260","71,609","58,197","47,495","37,764","28,170","42,891"
2062,151,"18,047,252","90,341","100,234","102,579","104,396","106,093","107,822","109,627","111,249","112,818","114,266","115,999","117,855","119,132","120,322","121,581","123,077","124,511","125,281","126,208","127,467","128,808","130,317","132,677","135,262","137,655","140,313","143,576","148,036","152,712","156,752","160,666","164,483","168,279","171,780","175,196","177,766","178,994","179,945","180,696","182,226","183,679","184,810","186,201","188,270","191,111","201,289","212,845","217,726","215,530","199,213","236,260","200,978","170,455","194,524","197,544","203,273","203,321","203,889","212,543","219,845","236,299","245,111","288,482","265,963","250,630","299,178","296,198","295,580","291,098","291,601","282,891","277,919","287,623","263,172","283,307","252,766","242,204","265,976","279,446","280,561","287,270","284,043","269,862","263,285","243,443","218,883","222,337","179,666","163,191","148,804","134,884","124,121","112,614","98,475","84,168","67,409","59,579","47,380","37,685","29,140","44,705"
2063,152,"17,816,466","88,846","98,632","101,030","102,925","104,720","106,356","108,021","109,711","111,330","112,929","114,411","116,099","117,921","119,179","120,388","121,675","123,133","124,521","125,424","126,318","127,502","128,788","130,322","132,733","135,352","137,816","140,552","143,957","148,513","153,224","157,261","161,125","164,913","168,622","172,084","175,451","177,985","179,284","180,076","180,772","182,212","183,644","184,692","186,049","188,060","190,851","200,960","212,446","217,257","215,043","198,742","235,637","200,452","170,005","193,950","196,936","202,609","202,605","203,145","211,712","219,013","235,383","244,069","287,140","264,752","249,344","297,263","293,990","293,293","288,597","288,781","279,917","274,641","283,622","259,028","278,358","247,768","236,736","259,512","271,952","271,984","277,765","273,544","258,578","251,010","230,670","206,000","208,093","166,847","150,195","135,603","121,639","110,577","99,054","85,184","71,646","56,133","48,555","37,641","29,118","46,563"
2064,153,"17,584,888","87,367","97,033","99,428","101,379","103,251","104,985","106,556","108,108","109,794","111,442","113,075","114,512","116,167","117,968","119,245","120,482","121,731","123,144","124,664","125,534","126,355","127,482","128,796","130,379","132,825","135,516","138,057","140,937","144,438","149,029","153,736","157,723","161,558","165,261","168,930","172,342","175,673","178,276","179,417","180,154","180,762","182,179","183,530","184,543","185,845","187,808","190,548","200,591","211,994","216,765","214,528","198,236","235,008","199,912","169,515","193,358","196,298","201,899","201,868","202,360","210,917","218,172","234,389","242,948","285,840","263,399","247,764","295,060","291,726","290,793","285,820","285,772","276,638","270,843","279,163","254,528","272,872","242,179","231,001","252,585","263,664","263,017","267,551","262,140","246,587","237,892","217,137","192,875","193,287","153,624","136,936","122,333","108,435","97,325","85,748","72,567","59,718","45,789","38,616","29,123","47,819"
2065,154,"17,352,644","85,880","95,451","97,830","99,780","101,707","103,517","105,187","106,645","108,192","109,908","111,588","113,177","114,580","116,216","118,034","119,339","120,538","121,744","123,287","124,775","125,571","126,336","127,490","128,854","130,473","132,991","135,760","138,445","141,422","144,958","149,545","154,203","158,159","161,908","165,573","169,193","172,569","175,966","178,411","179,497","180,145","180,732","182,068","183,383","184,343","185,599","187,513","190,207","200,172","211,519","216,246","213,976","197,723","234,364","199,327","169,008","192,737","195,615","201,169","201,090","201,610","210,114","217,259","233,320","241,864","284,387","261,736","245,945","292,800","289,251","288,016","282,856","282,454","272,838","266,609","274,323","249,539","266,738","236,316","224,853","244,920","254,997","253,378","256,449","250,020","233,765","223,986","203,347","179,225","178,006","140,122","123,595","109,095","95,502","84,307","73,101","60,536","48,759","36,450","29,912","48,709"
